City_ID,City,Lat,Lng,Max Temp,Humidity,Cloudiness,Wind Speed,Country,Date
0,laguna,38.421,-121.4238,17.48,68,0,0.45,US,2024-09-13
1,bethel,41.3712,-73.414,23.97,79,6,1.15,US,2024-09-13
2,isafjordur,66.0755,-23.124,7.02,61,0,1.54,IS,2024-09-13
3,mancio lima,-7.6142,-72.8958,30.04,70,12,1.54,BR,2024-09-13
4,warmbad,-28.45,18.7333,26.12,9,2,4.16,NA,2024-09-13
5,port saint john's,-31.6229,29.5448,20.72,79,9,6.14,ZA,2024-09-13
6,adamstown,-25.066,-130.1015,18.8,73,1,5.71,PN,2024-09-13
7,kormilovka,55.0026,74.1028,14.16,85,4,3.94,RU,2024-09-13
8,hassi messaoud,31.6804,6.0729,37.92,19,0,2.06,DZ,2024-09-13
9,nagqu,31.5,92.0,5.32,85,98,2.3,CN,2024-09-13
10,avarua,-21.2078,-159.775,23.03,83,75,3.6,CK,2024-09-13
11,nabire,-3.3667,135.4833,24.93,92,91,1.93,ID,2024-09-13
12,bredasdorp,-34.5322,20.0403,16.88,58,82,4.63,ZA,2024-09-13
13,ryazan',55.6744,36.6697,24.2,34,57,4.16,RU,2024-09-13
14,iqaluit,63.7506,-68.5145,5.85,86,100,7.2,CA,2024-09-13
15,thayetmyo,19.3167,95.1833,24.47,98,100,2.06,MM,2024-09-13
16,port-aux-francais,-49.35,70.2167,2.61,81,41,10.53,TF,2024-09-13
17,lagoa,39.05,-27.9833,22.01,66,75,1.71,PT,2024-09-13
18,west island,-12.1568,96.8225,25.99,83,10,4.63,CC,2024-09-13
19,santa terezinha,-29.9002,-50.0904,19.6,88,89,3.77,BR,2024-09-13
20,rikaze,29.25,88.8833,16.52,39,47,3.43,CN,2024-09-13
21,idri,27.5,13.2667,39.36,22,12,4.86,LY,2024-09-13
22,stanley,54.868,-1.6985,14.6,54,20,4.63,GB,2024-09-13
23,waitangi,-43.9535,-176.5597,7.68,87,77,0.45,NZ,2024-09-13
24,yellowknife,62.456,-114.3525,11.34,100,100,4.12,CA,2024-09-13
25,nurota,40.5614,65.6886,21.13,22,0,6.22,UZ,2024-09-13
26,antalaha,-14.9003,50.2788,23.72,73,5,6.41,MG,2024-09-13
27,hawaiian paradise park,19.5933,-154.9731,23.28,96,100,2.06,US,2024-09-13
28,coahuayana de hidalgo,18.7,-103.6583,27.86,74,21,0.83,MX,2024-09-13
29,ushuaia,-54.8,-68.3,-1.19,100,100,14.92,AR,2024-09-13
30,rajgarh,28.6333,75.3833,25.85,79,31,6.34,IN,2024-09-13
31,olonkinbyen,70.9221,-8.7187,1.03,97,100,12.77,SJ,2024-09-13
32,tazacorte,28.629,-17.9293,25.64,72,20,6.17,ES,2024-09-13
33,sucua,-2.4667,-78.1667,20.41,82,75,1.54,EC,2024-09-13
34,island harbour,50.724,-1.2758,18.19,56,11,1.34,GB,2024-09-13
35,nar'yan-mar,67.6713,53.087,18.08,74,99,3.28,RU,2024-09-13
36,itaituba,-4.2761,-55.9836,33.09,58,7,3.6,BR,2024-09-13
37,albany,42.6001,-73.9662,22.67,75,0,0.45,US,2024-09-13
38,east london,-33.0153,27.9116,19.52,68,0,11.83,ZA,2024-09-13
39,port mathurin,-19.6833,63.4167,22.66,69,1,4.29,MU,2024-09-13
40,brisas de zicatela,15.8369,-97.0419,27.29,89,40,3.09,MX,2024-09-13
41,vilyuchinsk,52.9306,158.4028,7.15,89,100,1.44,RU,2024-09-13
42,puerto natales,-51.7236,-72.4875,4.25,81,75,10.29,CL,2024-09-13
43,blackmans bay,-43.0167,147.3167,7.07,81,61,0.45,AU,2024-09-13
44,aby,58.6667,16.1833,18.84,45,75,2.57,SE,2024-09-13
45,hermanus,-34.4187,19.2345,16.0,74,41,2.24,ZA,2024-09-13
46,midvagur,62.0511,-7.1939,10.46,71,40,2.57,FO,2024-09-13
47,khandyga,62.6667,135.6,1.95,79,93,3.89,RU,2024-09-13
48,carnarvon,-24.8667,113.6333,24.6,54,71,7.11,AU,2024-09-13
49,sinop,41.7711,34.8709,23.21,74,24,2.11,TR,2024-09-13
50,apatity,67.5641,33.4031,17.85,77,75,3.32,RU,2024-09-13
51,margaret river,-33.95,115.0667,13.5,82,0,5.16,AU,2024-09-13
52,papatowai,-46.5619,169.4708,4.49,90,100,1.97,NZ,2024-09-13
53,sao paulo de olivenca,-3.3783,-68.8725,37.95,32,22,0.25,BR,2024-09-13
54,fort mcmurray,56.7268,-111.381,8.73,93,100,3.09,CA,2024-09-13
55,luwingu,-10.2621,29.9271,31.8,12,16,4.34,ZM,2024-09-13
56,sandnessjoen,66.0217,12.6316,9.12,81,75,10.29,NO,2024-09-13
57,whitehorse,60.7161,-135.0538,9.43,76,75,8.75,CA,2024-09-13
58,longyearbyen,78.2186,15.6401,6.91,87,20,1.03,SJ,2024-09-13
59,wailua homesteads,22.0669,-159.378,25.44,89,40,5.14,US,2024-09-13
60,sitia,35.2,26.0986,26.19,67,2,3.69,GR,2024-09-13
61,ribeira grande,38.5167,-28.7,25.43,69,40,5.36,PT,2024-09-13
62,sainte-marie,-20.8968,55.5496,23.1,70,100,2.57,RE,2024-09-13
63,port lincoln,-34.7333,135.8667,11.97,76,89,4.27,AU,2024-09-13
64,kingston,17.997,-76.7936,32.31,70,20,2.06,JM,2024-09-13
65,kavieng,-2.5744,150.7967,26.01,88,100,3.95,PG,2024-09-13
66,atafu village,-8.5421,-172.5159,27.78,80,49,6.91,TK,2024-09-13
67,ta`u,-14.2336,-169.5144,26.39,83,30,8.91,AS,2024-09-13
68,college,64.8569,-147.8028,9.14,95,100,1.54,US,2024-09-13
69,lossiemouth,57.7214,-3.2834,13.92,60,0,5.66,GB,2024-09-13
70,hamilton,39.1834,-84.5333,25.54,59,100,1.79,US,2024-09-13
71,saint-felix-de-valois,46.1668,-73.4324,24.58,68,0,0.45,CA,2024-09-13
72,saipan,15.1355,145.701,27.39,89,40,2.57,MP,2024-09-13
73,utrik,11.2278,169.8474,28.34,79,100,6.83,MH,2024-09-13
74,invercargill,-46.4,168.35,3.9,87,100,1.78,NZ,2024-09-13
75,brookings,44.3114,-96.7984,21.81,68,0,5.14,US,2024-09-13
76,jequie,-13.8575,-40.0836,27.46,54,60,4.17,BR,2024-09-13
77,kruisfontein,-34.0033,24.7314,16.55,71,0,7.24,ZA,2024-09-13
78,klyuchi,52.2667,79.1667,10.2,76,97,3.41,RU,2024-09-13
79,kapiri mposhi,-13.9652,28.6809,31.3,13,6,5.16,ZM,2024-09-13
80,edinburgh of the seven seas,-37.0676,-12.3116,14.25,95,99,11.56,SH,2024-09-13
81,grytviken,-54.2811,-36.5092,2.38,91,100,5.98,GS,2024-09-13
82,hozat,39.1083,39.2213,25.35,22,1,3.01,TR,2024-09-13
83,fale old settlement,-9.3852,-171.2468,27.8,80,43,8.09,TK,2024-09-13
84,aykol,38.1751,77.2132,21.71,27,95,2.88,CN,2024-09-13
85,thompson,55.7435,-97.8558,16.09,94,75,1.54,CA,2024-09-13
86,bilibino,68.0546,166.4372,2.6,86,80,1.62,RU,2024-09-13
87,bajna,27.9,77.6833,24.42,90,100,1.43,IN,2024-09-13
88,revda,56.801,59.9303,12.29,78,93,1.27,RU,2024-09-13
89,talnakh,69.4865,88.3972,2.64,76,22,5.67,RU,2024-09-13
90,lahad datu,5.0268,118.327,24.9,92,100,0.82,MY,2024-09-13
91,antsiranana,-12.2787,49.2917,27.42,50,20,9.26,MG,2024-09-13
92,mauganj,24.6833,81.8833,26.29,84,100,4.39,IN,2024-09-13
93,kimbe,-5.5502,150.1429,24.1,90,93,2.1,PG,2024-09-13
94,nadi,-17.8,177.4167,24.0,78,20,0.0,FJ,2024-09-13
95,sitka,57.0531,-135.33,12.94,88,100,2.06,US,2024-09-13
96,badger,64.8,-147.5333,9.14,96,100,1.54,US,2024-09-13
97,polyarnyy,69.1989,33.4478,18.92,68,100,4.78,RU,2024-09-13
98,rano,11.5491,8.5746,30.76,52,100,3.12,NG,2024-09-13
99,mbala,-8.8402,31.3659,27.71,19,15,2.24,ZM,2024-09-13
100,ocos,14.5094,-92.1933,28.33,78,44,1.95,GT,2024-09-13
101,thabazimbi,-24.5917,27.4116,34.05,11,3,3.11,ZA,2024-09-13
102,punta arenas,-53.15,-70.9167,3.06,87,75,14.92,CL,2024-09-13
103,soio,-6.1349,12.3689,24.45,80,87,5.11,AO,2024-09-13
104,port elizabeth,-33.918,25.5701,19.16,84,0,9.26,ZA,2024-09-13
105,san patricio,28.017,-97.5169,27.97,61,94,3.04,US,2024-09-13
106,port moresby,-9.4431,147.1797,24.68,88,20,5.14,PG,2024-09-13
107,kilinochchi,9.3961,80.3982,27.9,74,100,4.94,LK,2024-09-13
108,coquimbo,-29.9533,-71.3436,13.85,71,0,2.06,CL,2024-09-13
109,petropavlovsk-kamchatsky,53.0452,158.6483,6.33,100,100,1.0,RU,2024-09-13
110,kyshtym,55.714,60.5528,13.23,74,67,1.6,RU,2024-09-13
111,vadso,70.0744,29.7487,12.09,87,100,2.57,NO,2024-09-13
112,murzuq,25.9155,13.9184,39.35,17,85,2.6,LY,2024-09-13
113,myeik,12.4333,98.6,26.45,85,98,2.19,MM,2024-09-13
114,manay,7.215,126.5397,25.93,79,100,4.04,PH,2024-09-13
115,georgetown,5.4112,100.3354,27.75,74,20,1.03,MY,2024-09-13
116,enewetak,11.3474,162.3373,28.39,78,100,4.53,MH,2024-09-13
117,qaqortoq,60.7167,-46.0333,5.88,93,100,2.01,GL,2024-09-13
118,maridi,4.9158,29.4742,26.06,88,61,1.25,SS,2024-09-13
119,neryungri,56.6709,124.6491,3.72,97,99,1.36,RU,2024-09-13
120,tabas,33.5959,56.9244,37.12,12,0,3.09,IR,2024-09-13
121,sezanne,48.7205,3.7234,16.02,63,2,4.67,FR,2024-09-13
122,kapa'a,22.0752,-159.319,26.18,85,40,5.14,US,2024-09-13
123,capela do alto,-23.4706,-47.7347,33.87,16,7,4.19,BR,2024-09-13
124,nova sintra,14.8667,-24.7167,26.18,79,100,9.44,CV,2024-09-13
125,port maria,18.3685,-76.8895,31.15,68,100,2.52,JM,2024-09-13
126,karaj,35.8355,51.0103,30.88,13,20,4.12,IR,2024-09-13
127,chom thong,18.4174,98.6743,23.66,94,88,1.74,TH,2024-09-13
128,castillos,-34.1667,-53.8333,14.61,82,100,2.91,UY,2024-09-13
129,lebu,-37.6167,-73.65,11.75,63,33,4.5,CL,2024-09-13
130,susuman,62.7833,148.1667,3.26,93,99,0.84,RU,2024-09-13
131,kuching,1.55,110.3333,27.12,94,20,1.03,MY,2024-09-13
132,nungua,5.6011,-0.0771,29.23,70,20,8.23,GH,2024-09-13
133,puerto baquerizo moreno,-0.9,-89.6,19.55,100,100,6.69,EC,2024-09-13
134,kramfors,62.9316,17.7765,16.89,51,71,1.54,SE,2024-09-13
135,karratha,-20.7377,116.8463,29.52,37,92,2.85,AU,2024-09-13
136,hithadhoo,-0.6,73.0833,28.56,71,91,1.38,MV,2024-09-13
137,port alfred,-33.5906,26.891,18.99,83,0,3.58,ZA,2024-09-13
138,lorengau,-2.0226,147.2712,26.95,84,100,3.65,PG,2024-09-13
139,puerto ayora,-0.7393,-90.3518,20.86,96,95,3.58,EC,2024-09-13
140,fort irwin,35.2627,-116.6848,16.74,31,0,3.09,US,2024-09-13
141,saynshand,44.8824,110.1163,7.1,64,0,0.9,MN,2024-09-13
142,quellon,-43.1167,-73.6167,8.96,75,8,2.19,CL,2024-09-13
143,kill devil hills,36.0307,-75.676,24.99,85,0,3.09,US,2024-09-13
144,cabo san lucas,22.8909,-109.9124,26.53,98,100,1.34,MX,2024-09-13
145,fisterra,42.9049,-9.2629,19.82,61,1,9.19,ES,2024-09-13
146,afaahiti,-17.75,-149.2833,23.53,87,99,10.08,PF,2024-09-13
147,conduaga,8.862,117.4893,26.51,90,100,6.02,PH,2024-09-13
148,grand falls-windsor,48.9332,-55.6649,20.28,54,5,4.61,CA,2024-09-13
149,beira,-19.8436,34.8389,27.05,78,20,6.71,MZ,2024-09-13
150,anadyr,64.75,177.4833,8.28,93,75,7.0,RU,2024-09-13
151,pangody,65.85,74.4859,14.69,89,48,4.09,RU,2024-09-13
152,teknaf,20.8624,92.3058,26.81,88,100,7.35,BD,2024-09-13
153,tazovsky,67.4667,78.7,6.73,85,39,4.14,RU,2024-09-13
154,shubarshi,48.5872,57.1869,19.39,33,0,5.15,KZ,2024-09-13
155,qui nhon,13.7667,109.2333,27.83,81,100,1.98,VN,2024-09-13
156,mejit,10.2753,170.8646,28.48,80,100,8.4,MH,2024-09-13
157,kirensk,57.7853,108.1119,7.48,79,100,2.63,RU,2024-09-13
158,la jolla,32.8473,-117.2742,20.03,74,100,4.63,US,2024-09-13
159,dudinka,69.4058,86.1778,2.75,77,6,7.13,RU,2024-09-13
160,mont-dore,-22.2833,166.5833,20.28,86,0,2.43,NC,2024-09-13
161,new norfolk,-42.7826,147.0587,7.62,98,70,0.98,AU,2024-09-13
162,gunjur,13.2019,-16.7339,30.04,79,75,2.57,GM,2024-09-13
163,alofi,-19.0595,-169.9187,20.94,94,10,1.54,NU,2024-09-13
164,high rock,26.6208,-78.2833,29.19,72,100,3.0,BS,2024-09-13
165,axim,4.8699,-2.2405,26.62,74,99,4.55,GH,2024-09-13
166,kone,-21.0595,164.8658,19.67,94,21,0.46,NC,2024-09-13
167,krasnokamensk,50.0979,118.0369,5.95,44,86,2.11,RU,2024-09-13
168,jamestown,42.097,-79.2353,22.79,61,0,2.57,US,2024-09-13
169,lihue,21.9789,-159.3672,25.77,81,40,5.14,US,2024-09-13
170,pak phanang,8.3511,100.202,25.85,86,100,4.11,TH,2024-09-13
171,miles city,46.4083,-105.8406,9.54,100,0,2.57,US,2024-09-13
172,la palma,33.8464,-118.0467,20.4,80,100,2.06,US,2024-09-13
173,alaghsas,17.0187,8.0168,35.94,41,40,3.09,NE,2024-09-13
174,deqen,29.9618,90.7188,10.38,65,11,3.06,CN,2024-09-13
175,rosetta,31.4044,30.4164,27.56,57,0,5.72,EG,2024-09-13
176,tremonton,41.7119,-112.1655,12.66,63,0,3.58,US,2024-09-13
177,farias brito,-6.9306,-39.5656,31.89,27,31,3.55,BR,2024-09-13
178,santa cruz,-17.8,-63.1667,27.7,69,8,3.09,BO,2024-09-13
179,emerald,-23.5333,148.1667,13.52,52,0,4.86,AU,2024-09-13
180,arandas,20.7,-102.35,18.97,67,74,1.62,MX,2024-09-13
181,chonchi,-42.6128,-73.8092,12.84,75,37,1.51,CL,2024-09-13
182,vorgashor,67.5833,63.95,15.05,83,49,2.17,RU,2024-09-13
183,nebbi,2.4783,31.0889,27.4,66,10,1.91,UG,2024-09-13
184,hiratacho,35.4333,132.8167,26.98,89,40,2.06,JP,2024-09-13
185,tolanaro,-25.0319,46.9987,21.04,88,75,9.26,MG,2024-09-13
186,ancud,-41.8697,-73.8203,9.73,76,54,1.59,CL,2024-09-13
187,sumbe,-11.2061,13.8437,23.47,79,37,3.71,AO,2024-09-13
188,hanceville,34.0607,-86.7675,23.98,96,100,4.26,US,2024-09-13
189,lampang,18.3333,99.5,24.32,94,97,0.49,TH,2024-09-13
190,chardara,41.2547,67.9692,21.18,31,18,4.8,KZ,2024-09-13
191,guerrero negro,27.9769,-114.0611,20.13,73,5,5.58,MX,2024-09-13
192,pacasmayo,-7.4006,-79.5714,18.98,77,87,5.06,PE,2024-09-13
193,bangassou,4.7413,22.8184,29.65,61,65,1.47,CF,2024-09-13
194,piacabucu,-10.4056,-36.4344,26.87,62,56,6.11,BR,2024-09-13
195,kununurra,-15.7667,128.7333,29.99,21,19,5.14,AU,2024-09-13
196,tiksi,71.6872,128.8694,0.8,95,99,3.99,RU,2024-09-13
197,nadym,65.5333,72.5167,15.2,88,30,4.08,RU,2024-09-13
198,constantia,44.1833,28.65,26.5,77,100,6.48,RO,2024-09-13
199,nemuro,43.3236,145.575,15.54,59,60,9.52,JP,2024-09-13
200,manda,-10.4667,34.5833,28.4,51,2,3.81,TZ,2024-09-13
201,filingue,14.3521,3.3168,33.89,36,99,1.15,NE,2024-09-13
202,la'ie,21.6477,-157.9253,25.62,81,11,1.34,US,2024-09-13
203,siwa oasis,29.2041,25.5195,35.68,21,0,3.06,EG,2024-09-13
204,klaksvik,62.2266,-6.589,8.96,60,15,1.71,FO,2024-09-13
205,torghay,49.6339,63.4981,20.7,46,90,6.74,KZ,2024-09-13
206,los llanos de aridane,28.6585,-17.9182,23.96,66,20,6.17,ES,2024-09-13
207,nikol'sk,53.7189,46.0712,18.25,40,49,3.32,RU,2024-09-13
208,santiago,-33.4569,-70.6483,14.77,55,0,1.34,CL,2024-09-13
209,tralee,52.2704,-9.7026,16.14,72,75,4.12,IE,2024-09-13
210,geita,-2.8708,32.2341,31.49,16,67,3.91,TZ,2024-09-13
211,khanty-mansiysk,61.0042,69.0019,15.06,77,0,1.0,RU,2024-09-13
212,tchintabaraden,15.8969,5.7985,35.87,32,11,2.55,NE,2024-09-13
213,luderitz,-26.6481,15.1594,16.77,61,8,8.78,NA,2024-09-13
214,ulladulla,-35.35,150.4667,9.68,65,23,1.81,AU,2024-09-13
215,partenit,44.578,34.3446,22.17,68,71,0.78,UA,2024-09-13
216,bay city,43.5945,-83.8889,23.92,68,0,2.57,US,2024-09-13
217,san jorge,-31.8962,-61.8598,20.15,45,0,3.03,AR,2024-09-13
218,alice springs,-23.7,133.8833,9.75,34,0,0.0,AU,2024-09-13
219,fortuna,40.5982,-124.1573,13.85,96,100,1.54,US,2024-09-13
220,napier,-39.4833,176.9167,14.6,62,100,4.47,NZ,2024-09-13
221,ust-nera,64.5667,143.2,2.94,90,100,2.38,RU,2024-09-13
222,mermoz boabab,14.7065,-17.4758,28.88,74,75,3.09,SN,2024-09-13
223,salmon arm,50.6998,-119.3024,8.62,93,92,1.54,CA,2024-09-13
224,sabang,5.8933,95.3214,28.63,76,100,7.45,ID,2024-09-13
225,charef,34.621,2.795,27.15,28,0,3.97,DZ,2024-09-13
226,kalianget,-7.05,113.9333,27.57,70,33,5.93,ID,2024-09-13
227,kodiak,57.79,-152.4072,9.73,71,0,8.75,US,2024-09-13
228,kamaishi,39.2667,141.8833,21.65,77,100,2.79,JP,2024-09-13
229,port douglas,-16.4833,145.4667,21.44,86,20,3.3,AU,2024-09-13
230,krasnopavlivka,49.1372,36.3272,26.2,31,42,5.12,UA,2024-09-13
231,albania,41.0,20.0,22.84,68,29,3.22,AL,2024-09-13
232,yagoua,10.3411,15.2329,24.32,84,100,1.62,CM,2024-09-13
233,udachny,66.4167,112.4,-0.79,75,85,7.82,RU,2024-09-13
234,lazaro cardenas,17.9583,-102.2,27.49,80,37,1.6,MX,2024-09-13
235,flying fish cove,-10.4217,105.6791,24.82,88,100,5.66,CX,2024-09-13
236,codrington,-38.2667,141.9667,9.49,87,100,7.07,AU,2024-09-13
237,olinda,-8.0089,-34.8553,23.85,78,75,5.14,BR,2024-09-13
238,yuzhno-kurilsk,44.0306,145.8556,14.43,60,33,7.21,RU,2024-09-13
239,nyagan,62.1406,65.3936,14.38,80,43,1.14,RU,2024-09-13
240,i-n-salah,27.1935,2.4607,42.95,13,9,4.33,DZ,2024-09-13
241,hadibu,12.65,54.0333,26.94,70,1,6.91,YE,2024-09-13
242,kawambwa,-9.7915,29.0791,32.84,12,47,1.62,ZM,2024-09-13
243,malvan,16.0667,73.4667,26.8,80,99,3.84,IN,2024-09-13
244,vila do maio,15.1333,-23.2167,26.53,74,78,6.56,CV,2024-09-13
245,shinas,24.7433,56.4658,30.23,64,0,1.97,OM,2024-09-13
246,veraval,20.9,70.3667,26.68,80,100,4.8,IN,2024-09-13
247,nuku'alofa,-21.1333,-175.2,22.19,94,75,4.12,TO,2024-09-13
248,brad,46.1333,22.7833,15.71,96,100,1.63,RO,2024-09-13
249,ciudad lazaro cardenas,17.9583,-102.2,27.49,80,37,1.6,MX,2024-09-13
250,aurora,39.7294,-104.8319,18.96,38,0,1.79,US,2024-09-13
251,ternate,0.8,127.4,26.59,77,82,5.91,ID,2024-09-13
252,lanxi,29.2195,119.477,26.66,76,24,1.78,CN,2024-09-13
253,la ronge,55.1001,-105.2842,12.14,94,100,5.66,CA,2024-09-13
254,toamasina,-18.1667,49.3833,25.0,73,75,6.17,MG,2024-09-13
255,george town,5.4112,100.3354,27.75,74,20,1.03,MY,2024-09-13
256,antigonish,45.6169,-61.9986,22.3,78,98,1.34,CA,2024-09-13
257,mahina,-17.5065,-149.489,24.87,78,20,6.17,PF,2024-09-13
258,fujin,47.26,132.0322,9.59,53,100,2.67,CN,2024-09-13
259,soto la marina,23.7667,-98.2167,29.61,69,84,2.66,MX,2024-09-13
260,puerto aysen,-45.4,-72.7,6.39,93,70,2.37,CL,2024-09-13
261,porto novo,6.4965,2.6036,29.9,72,98,4.84,BJ,2024-09-13
262,tual,-5.6667,132.75,26.5,79,34,9.38,ID,2024-09-13
263,ghanzi,-21.5667,21.7833,34.74,12,20,4.08,BW,2024-09-13
264,mount pearl,47.5166,-52.7813,17.3,56,20,4.12,CA,2024-09-13
265,plettenberg bay,-34.0527,23.3716,16.48,79,19,3.91,ZA,2024-09-13
266,swellendam,-34.0226,20.4417,16.75,65,76,3.0,ZA,2024-09-13
267,sanming,26.2486,117.6186,24.72,80,22,0.58,CN,2024-09-13
268,fort bragg,35.139,-79.006,21.91,95,100,5.14,US,2024-09-13
269,gangolli,13.65,74.6667,25.7,84,99,2.43,IN,2024-09-13
270,tekeli,44.83,78.8239,7.57,54,100,0.98,KZ,2024-09-13
271,verkhniy baskunchak,48.2256,46.7217,24.65,25,100,3.97,RU,2024-09-13
272,talavera,15.6167,120.9333,23.92,96,100,0.85,PH,2024-09-13
273,san jose del guaviare,2.5729,-72.6459,33.41,51,75,0.62,CO,2024-09-13
274,tulun,54.5611,100.5792,5.66,80,58,0.68,RU,2024-09-13
275,tarkwa,5.3064,-1.9847,29.92,55,100,3.4,GH,2024-09-13
276,ca mau,9.1769,105.15,26.22,90,77,1.33,VN,2024-09-13
277,alotau,-10.3069,150.4462,22.94,97,100,1.6,PG,2024-09-13
278,minas de marcona,-15.2119,-75.1103,15.54,60,35,7.53,PE,2024-09-13
279,tura,25.5198,90.2201,24.63,97,100,1.95,IN,2024-09-13
280,rivera,-30.9053,-55.5508,14.61,99,100,2.86,UY,2024-09-13
281,chinde,26.8212,87.7095,26.06,80,2,2.4,NP,2024-09-13
282,spearfish,44.4908,-103.8594,17.68,49,0,2.57,US,2024-09-13
283,victorica,-36.2151,-65.4359,17.71,25,11,9.08,AR,2024-09-13
284,san antonio de pale,-1.4014,5.6325,23.84,83,100,4.78,GQ,2024-09-13
285,malindi,-3.2175,40.1191,28.09,69,40,5.14,KE,2024-09-13
286,murghob,38.1702,73.9667,8.75,13,1,2.44,TJ,2024-09-13
287,trevelin,-43.0858,-71.4639,8.03,65,32,3.44,AR,2024-09-13
288,acarau,-2.8856,-40.12,31.23,50,0,8.52,BR,2024-09-13
289,zboriv,49.6648,25.141,23.4,48,100,3.89,UA,2024-09-13
290,masuguru,-11.3667,38.4167,35.7,20,88,2.95,TZ,2024-09-13
291,bautzen,51.1833,14.4333,10.59,93,100,7.37,DE,2024-09-13
292,mount isa,-20.7333,139.5,19.87,21,0,4.63,AU,2024-09-13
293,khandud,36.9513,72.318,15.65,19,0,3.64,AF,2024-09-13
294,tommot,58.9564,126.2925,5.45,97,100,5.32,RU,2024-09-13
295,kerikeri,-35.2268,173.9474,10.51,92,100,1.71,NZ,2024-09-13
296,gazli,40.1333,63.45,24.88,21,1,4.35,UZ,2024-09-13
297,gadzhiyevo,69.2551,33.3362,19.33,67,100,4.25,RU,2024-09-13
298,san julian,21.0167,-102.1667,18.5,69,95,1.91,MX,2024-09-13
299,eldama ravine,0.0516,35.7308,15.7,78,98,3.11,KE,2024-09-13
300,mimizan,44.2006,-1.2289,18.11,46,13,5.08,FR,2024-09-13
301,quang ngai,15.1167,108.8,25.26,93,91,1.85,VN,2024-09-13
302,qiongshan,20.0058,110.3542,26.99,89,0,2.0,CN,2024-09-13
303,vila franca do campo,37.7167,-25.4333,24.23,57,90,1.08,PT,2024-09-13
304,nova vicosa,-17.8919,-39.3719,27.06,57,24,4.64,BR,2024-09-13
305,aasiaat,68.7098,-52.8699,1.29,78,18,1.92,GL,2024-09-13
306,novodvinsk,64.4165,40.8122,22.86,54,17,3.87,RU,2024-09-13
307,westport,41.1415,-73.3579,24.19,74,0,2.06,US,2024-09-13
308,katsuren-haebaru,26.3369,127.8719,27.21,91,75,2.06,JP,2024-09-13
309,pathein,16.7833,94.7333,25.29,94,100,2.47,MM,2024-09-13
310,hami,42.8,93.45,24.61,20,3,3.54,CN,2024-09-13
311,margate,51.3813,1.3862,16.5,57,2,2.96,GB,2024-09-13
312,wagar,16.1525,36.2032,39.14,25,82,2.07,SD,2024-09-13
313,huarmey,-10.0681,-78.1522,19.12,77,57,3.91,PE,2024-09-13
314,matoury,4.8483,-52.3317,31.98,62,100,5.66,GF,2024-09-13
315,mitu,1.1983,-70.1733,32.23,52,52,1.71,CO,2024-09-13
316,almazan,41.4865,-2.5309,17.39,36,10,5.01,ES,2024-09-13
317,eyl,7.9803,49.8164,27.04,74,27,10.51,SO,2024-09-13
318,bargaal,11.2864,51.0773,28.61,63,60,1.93,SO,2024-09-13
319,yichang,30.7144,111.2847,25.62,80,70,0.16,CN,2024-09-13
320,cootamundra,-34.65,148.0333,5.48,86,2,1.29,AU,2024-09-13
321,iskateley,67.6803,53.1512,18.03,74,99,3.3,RU,2024-09-13
322,cole harbour,44.6724,-63.4751,21.01,74,75,1.54,CA,2024-09-13
323,mhamid,29.82,-5.72,34.71,21,0,7.18,MA,2024-09-13
324,antofagasta,-23.65,-70.4,14.6,71,35,5.86,CL,2024-09-13
325,kathmandu,27.7167,85.3167,23.12,94,75,0.0,NP,2024-09-13
326,sergeyevka,53.88,67.4158,14.92,74,15,3.14,KZ,2024-09-13
327,barcelos,41.5388,-8.6151,27.27,29,0,1.14,PT,2024-09-13
328,kodinsk,58.6881,99.1844,7.83,90,100,1.72,RU,2024-09-13
329,palmas,-10.2128,-48.3603,34.93,26,0,5.14,BR,2024-09-13
330,tsiombe,-25.3,45.4833,19.85,72,8,7.55,MG,2024-09-13
331,itoman,26.1247,127.6694,27.21,94,75,4.63,JP,2024-09-13
332,ilulissat,69.2167,-51.1,1.58,61,5,1.19,GL,2024-09-13
333,buka,40.8108,69.1986,20.04,26,11,2.59,UZ,2024-09-13
334,lepsy,46.235,78.9456,11.92,59,9,7.76,KZ,2024-09-13
335,kargopol',61.5071,38.9456,21.86,47,100,2.89,RU,2024-09-13
336,hilo,19.7297,-155.09,23.4,88,100,2.06,US,2024-09-13
337,cedeira,43.6797,-8.0209,18.79,54,99,11.42,ES,2024-09-13
338,lampazos de naranjo,27.0167,-100.5167,30.35,60,87,2.24,MX,2024-09-13
339,poreba,50.4883,19.339,12.12,100,100,2.57,PL,2024-09-13
340,pasuquin,18.3328,120.6177,26.97,94,40,1.03,PH,2024-09-13
341,teguise,29.0605,-13.564,25.12,57,20,11.32,ES,2024-09-13
342,paka,4.6374,103.4368,23.96,100,100,0.51,MY,2024-09-13
343,arraial do cabo,-22.9661,-42.0278,29.98,48,0,8.75,BR,2024-09-13
344,hammerfest,70.6634,23.6821,15.25,55,40,8.23,NO,2024-09-13
345,daru,-9.0763,143.2092,25.08,85,96,6.95,PG,2024-09-13
346,vilhena,-12.7406,-60.1458,32.12,51,34,3.09,BR,2024-09-13
347,illela,13.7292,5.2975,34.81,40,63,0.95,NG,2024-09-13
348,keskin,39.6731,33.6136,28.62,22,0,0.52,TR,2024-09-13
349,lompoc,34.6391,-120.4579,11.94,100,100,2.57,US,2024-09-13
350,ghat,24.9647,10.1728,31.53,41,63,3.42,LY,2024-09-13
351,gobabis,-22.45,18.9667,33.4,11,81,2.54,NA,2024-09-13
352,galesong,-5.3166,119.3661,25.39,53,95,3.64,ID,2024-09-13
353,creston,41.0586,-94.3614,20.98,64,0,3.6,US,2024-09-13
354,biryusinsk,55.9634,97.8235,4.95,88,95,0.82,RU,2024-09-13
355,tarauaca,-8.1614,-70.7656,38.62,23,0,1.69,BR,2024-09-13
356,mana,5.6592,-53.7767,30.76,65,6,5.6,GF,2024-09-13
357,richards bay,-28.783,32.0377,26.5,63,3,1.5,ZA,2024-09-13
358,wainwright,52.839,-110.8572,9.65,95,100,6.09,CA,2024-09-13
359,galliano,29.4422,-90.2992,27.62,72,61,3.42,US,2024-09-13
360,pudozh,61.8099,36.5345,20.49,51,100,2.08,RU,2024-09-13
361,alesund,62.4723,6.1549,11.11,78,75,7.2,NO,2024-09-13
362,ankang,32.68,109.0172,24.99,76,0,0.87,CN,2024-09-13
363,tando jam,25.4272,68.5362,29.31,59,0,9.03,PK,2024-09-13
364,edgewater,28.9889,-80.9023,29.05,85,44,2.25,US,2024-09-13
365,uturoa,-16.7333,-151.4333,25.88,80,71,7.48,PF,2024-09-13
366,tongchuanshi,35.0806,109.0897,21.37,71,100,2.72,CN,2024-09-13
367,jinchang,38.4953,102.1739,16.94,58,100,4.56,CN,2024-09-13
368,mar del plata,-38.0023,-57.5575,17.75,68,0,8.23,AR,2024-09-13
369,usogorsk,63.4106,48.6872,20.69,59,100,0.91,RU,2024-09-13
370,vasteras,59.6162,16.5528,17.95,48,65,2.57,SE,2024-09-13
371,berezovyy,51.6667,135.7,6.23,70,0,2.85,RU,2024-09-13
372,gizo,-8.103,156.8419,26.98,84,100,5.11,SB,2024-09-13
373,tarnogskiy gorodok,60.4997,43.5761,20.68,62,90,1.75,RU,2024-09-13
374,kayangel,8.0823,134.7173,28.93,78,100,11.36,PW,2024-09-13
375,sogamoso,5.7143,-72.9339,18.87,52,92,1.84,CO,2024-09-13
376,la sarre,48.8002,-79.1996,19.96,75,79,2.22,CA,2024-09-13
377,palmer,42.1584,-72.3287,23.62,70,2,1.92,US,2024-09-13
378,kirakira,-10.4544,161.9205,26.26,88,84,3.98,SB,2024-09-13
379,callao,-12.0667,-77.15,23.18,82,100,2.57,PE,2024-09-13
380,moama,-36.1167,144.7833,7.77,81,53,3.52,AU,2024-09-13
381,mangrol,21.1167,70.1167,26.89,81,100,5.55,IN,2024-09-13
382,liaoyuan,42.9036,125.1358,11.72,69,100,5.72,CN,2024-09-13
383,junin de los andes,-39.9504,-71.0694,7.79,57,85,4.84,AR,2024-09-13
384,haiku-pauwela,20.9219,-156.3051,22.71,83,0,2.68,US,2024-09-13
385,keflavik,64.0049,-22.5624,11.24,46,0,6.17,IS,2024-09-13
386,selfoss,63.9331,-20.9971,11.69,59,16,3.47,IS,2024-09-13
387,smithers,54.7804,-127.1743,8.18,87,75,2.06,CA,2024-09-13
388,ribeirao branco,-24.2208,-48.7656,31.41,19,0,3.59,BR,2024-09-13
389,santa rosa de rio primero,-31.1523,-63.4019,21.62,33,0,2.32,AR,2024-09-13
390,mandera,3.9366,41.867,34.4,25,18,7.02,KE,2024-09-13
391,roznava,48.6601,20.5376,16.06,95,100,2.03,SK,2024-09-13
392,ierapetra,35.01,25.7353,28.41,62,5,0.89,GR,2024-09-13
393,trairi,-3.2778,-39.2689,30.06,48,4,7.56,BR,2024-09-13
394,nyrob,60.733,56.7202,15.19,96,95,1.16,RU,2024-09-13
395,zaragoza,41.6561,-0.8773,22.23,28,20,11.83,ES,2024-09-13
396,dunavarsany,47.2786,19.0662,13.51,93,100,6.72,HU,2024-09-13
397,kailua-kona,19.6406,-155.9956,23.66,87,25,0.89,US,2024-09-13
398,carbonear,47.7332,-53.2148,17.86,46,5,2.81,CA,2024-09-13
399,n'zeto,-7.2312,12.8666,24.37,79,65,4.44,AO,2024-09-13
400,geraldton,-28.7667,114.6,14.23,88,0,2.57,AU,2024-09-13
401,moapa valley,36.5805,-114.4703,24.68,17,0,1.39,US,2024-09-13
402,erenhot,43.6475,111.9767,7.31,77,75,4.09,CN,2024-09-13
403,jinxiang,27.4327,120.6062,26.5,87,89,3.08,CN,2024-09-13
404,goure,13.9835,10.2704,35.51,33,100,3.16,NE,2024-09-13
405,dalandzadgad,43.5708,104.425,10.39,71,94,3.88,MN,2024-09-13
406,faratsiho,-19.4,46.95,18.73,38,0,3.4,MG,2024-09-13
407,narrabri,-30.3167,149.7833,9.73,83,0,0.45,AU,2024-09-13
408,howard springs,-12.497,131.047,24.95,87,3,2.08,AU,2024-09-13
409,aripuana,-9.1667,-60.6333,41.76,13,0,1.3,BR,2024-09-13
410,ayr,55.4627,-4.6339,14.17,54,20,6.69,GB,2024-09-13
411,newman,37.3138,-121.0208,16.7,68,0,0.45,US,2024-09-13
412,sandy,40.572,-111.8606,14.8,50,0,0.45,US,2024-09-13
413,arendal,58.4615,8.7725,15.42,41,4,4.57,NO,2024-09-13
414,orizona,-17.0314,-48.2958,31.7,23,2,4.16,BR,2024-09-13
415,steamboat springs,40.485,-106.8317,8.52,60,0,0.0,US,2024-09-13
416,carutapera,-1.195,-46.02,31.42,56,6,6.38,BR,2024-09-13
417,tierra nueva,21.6833,-100.5667,21.33,69,100,0.38,MX,2024-09-13
418,desnogorsk,54.1508,33.2815,25.9,27,43,5.35,RU,2024-09-13
419,st. john's,47.5649,-52.7093,17.76,58,20,4.12,CA,2024-09-13
420,la mira,18.035,-102.3266,27.4,79,24,1.15,MX,2024-09-13
421,ravar,31.2656,56.8055,30.42,14,0,2.34,IR,2024-09-13
422,berdigestyakh,62.0989,126.6992,-0.58,88,56,1.93,RU,2024-09-13
423,raymondville,26.4815,-97.7831,30.22,66,7,3.9,US,2024-09-13
424,semporna,4.4818,118.6112,25.07,89,100,2.13,MY,2024-09-13
425,ulsteinvik,62.3432,5.8487,10.73,72,96,5.36,NO,2024-09-13
426,mata-utu,-13.2816,-176.1745,26.9,82,32,9.3,WF,2024-09-13
427,mwandiga,-4.83,29.6581,30.66,30,0,3.09,TZ,2024-09-13
428,holualoa,19.6228,-155.9522,21.59,89,37,0.81,US,2024-09-13
429,mwinilunga,-11.7358,24.4293,33.55,10,3,4.81,ZM,2024-09-13
430,koh kong,11.6175,102.9806,27.51,84,100,1.92,KH,2024-09-13
431,nouadhibou,20.931,-17.0347,25.99,57,1,7.2,MR,2024-09-13
432,frontignan,43.4485,3.754,21.97,32,1,9.63,FR,2024-09-13
433,necochea,-38.5473,-58.7368,17.38,50,90,5.62,AR,2024-09-13
434,vernon,50.2581,-119.2691,12.47,77,90,1.54,CA,2024-09-13
435,lethem,3.3803,-59.7968,34.91,43,21,3.8,GY,2024-09-13
436,yung shue wan,22.2333,114.1167,28.75,78,100,2.01,HK,2024-09-13
437,loch garman,52.3342,-6.4575,14.38,62,77,7.6,IE,2024-09-13
438,lagunillas,10.1301,-71.2595,30.52,67,100,2.75,VE,2024-09-13
439,bengkulu,-3.8004,102.2655,25.03,89,70,2.93,ID,2024-09-13
440,happy valley-goose bay,53.3168,-60.3315,14.17,77,75,6.69,CA,2024-09-13
441,aljezur,37.3191,-8.8033,24.04,57,98,6.46,PT,2024-09-13
442,severo-yeniseyskiy,60.3725,93.0408,8.83,94,99,2.25,RU,2024-09-13
443,shingu,33.7333,135.9833,24.57,91,20,1.99,JP,2024-09-13
444,arkhara,49.4212,130.0842,5.94,55,36,1.18,RU,2024-09-13
445,qianzhou,28.3167,109.7167,22.6,90,4,0.61,CN,2024-09-13
446,divnogorsk,55.9594,92.3619,4.27,92,100,1.43,RU,2024-09-13
447,weno,7.4515,151.8468,28.02,78,98,5.6,FM,2024-09-13
448,vilyuysk,63.7553,121.6247,0.39,71,96,2.51,RU,2024-09-13
449,cidade velha,14.9167,-23.6167,30.26,54,20,7.72,CV,2024-09-13
450,mehrabpur,28.1085,68.0254,33.69,35,0,3.61,PK,2024-09-13
451,tangalle,6.024,80.7911,27.14,82,51,5.66,LK,2024-09-13
452,viljoenskroon,-27.2084,26.9485,31.46,12,81,5.63,ZA,2024-09-13
453,sinabang,2.4803,96.3801,26.86,80,100,0.24,ID,2024-09-13
454,laughlin,35.1678,-114.573,29.52,15,0,3.13,US,2024-09-13
455,liaozhong,41.5061,122.7242,13.28,64,4,7.43,CN,2024-09-13
456,la punta,-33.1837,-66.3127,18.65,28,61,4.31,AR,2024-09-13
457,bamboo flat,11.7,92.7167,28.05,89,40,3.6,IN,2024-09-13
458,damghan,36.1683,54.348,26.45,35,100,2.16,IR,2024-09-13
459,lockwood,45.8191,-108.4149,13.01,71,75,4.63,US,2024-09-13
460,natal,-5.795,-35.2094,29.36,58,75,7.72,BR,2024-09-13
461,opuwo,-18.0607,13.84,34.41,10,53,3.83,NA,2024-09-13
462,port augusta,-32.5,137.7667,9.58,67,38,3.99,AU,2024-09-13
463,ma'rib,15.4591,45.3253,35.89,10,85,6.37,YE,2024-09-13
464,myitkyina,25.3833,97.4,24.15,100,100,0.77,MM,2024-09-13
465,taulaga,-11.0553,-171.0883,27.61,81,75,8.78,AS,2024-09-13
466,kavaratti,10.5669,72.642,26.99,83,100,5.51,IN,2024-09-13
467,barranca,-10.75,-77.7667,17.91,77,72,3.88,PE,2024-09-13
468,zyrya,40.3661,50.2917,25.05,61,18,5.74,AZ,2024-09-13
469,langepas,61.2544,75.2124,13.93,86,42,3.28,RU,2024-09-13
470,iwanai,42.9744,140.5089,12.94,77,40,2.55,JP,2024-09-13
471,malango,-2.9627,119.9001,16.52,97,61,0.93,ID,2024-09-13
472,cockburn town,21.4612,-71.1419,28.83,77,91,5.69,TC,2024-09-13
473,penzance,50.1186,-5.5371,15.38,62,20,4.12,GB,2024-09-13
474,freetown,8.484,-13.2299,26.84,89,75,5.14,SL,2024-09-13
475,laela,-8.5667,32.05,28.68,16,6,1.97,TZ,2024-09-13
476,inverell,-29.7833,151.1167,9.26,89,0,2.24,AU,2024-09-13
477,ulety,51.3572,112.4849,5.82,62,100,1.91,RU,2024-09-13
478,czestochowa,50.7965,19.1241,11.66,85,100,6.2,PL,2024-09-13
479,tamandare,-8.7597,-35.1047,26.88,59,0,4.6,BR,2024-09-13
480,el nido,11.1858,119.3956,25.08,94,100,10.24,PH,2024-09-13
481,bestobe,52.4994,73.0975,13.94,82,14,2.88,KZ,2024-09-13
482,walvis bay,-22.9575,14.5053,20.53,56,0,6.69,NA,2024-09-13
483,nishinoomote,30.7333,131.0,28.07,85,87,9.4,JP,2024-09-13
484,maksatikha,57.797,35.8825,22.89,39,51,3.69,RU,2024-09-13
485,hisua,24.8333,85.4167,28.35,73,96,2.54,IN,2024-09-13
486,borogontsy,62.6683,131.1683,1.04,77,8,4.43,RU,2024-09-13
487,roma,43.2128,-75.4557,24.27,74,4,0.89,US,2024-09-13
488,dunda,-8.1167,34.25,31.41,15,3,5.62,TZ,2024-09-13
489,mildura,-34.2,142.15,9.48,75,59,4.84,AU,2024-09-13
490,tremp,42.167,0.8949,24.72,23,0,1.06,ES,2024-09-13
491,argo,37.6333,22.7333,30.04,38,0,7.28,GR,2024-09-13
492,puerto armuelles,8.2833,-82.8667,25.05,88,29,0.45,PA,2024-09-13
493,kashary,49.04,41.0056,26.58,22,20,7.24,RU,2024-09-13
494,hazorasp,41.3194,61.0742,23.22,10,4,7.34,UZ,2024-09-13
495,san pedro pochutla,15.7333,-96.4667,30.4,72,73,0.66,MX,2024-09-13
496,figuig (centre),32.1089,-1.2286,30.4,24,5,7.78,MA,2024-09-13
497,egilsstadir,65.2653,-14.3948,7.95,39,40,3.09,IS,2024-09-13
498,waynesboro,38.0685,-78.8895,21.57,76,100,0.0,US,2024-09-13
499,ambon,-3.6954,128.1814,27.71,95,40,4.63,ID,2024-09-13
500,al qabil,22.571,58.6947,35.93,19,3,5.37,OM,2024-09-13
501,medina,24.4686,39.6142,45.24,6,40,5.66,SA,2024-09-13
502,korla,41.7597,86.1469,24.49,26,99,1.33,CN,2024-09-13
503,zeya,53.75,127.2667,4.63,79,5,1.31,RU,2024-09-13
504,eregli,37.5133,34.0467,29.46,17,0,3.21,TR,2024-09-13
505,kudahuvadhoo,2.6708,72.8944,29.15,70,100,2.58,MV,2024-09-13
506,kharkhorin,47.1975,102.8238,5.71,93,15,0.52,MN,2024-09-13
507,fauske,67.2588,15.3918,13.3,50,14,5.86,NO,2024-09-13
508,kandahar,31.0,65.75,25.36,8,0,3.5,AF,2024-09-13
509,harrismith,-28.2728,29.1295,27.93,15,50,5.8,ZA,2024-09-13
510,bonthe,7.5264,-12.505,26.55,82,100,5.94,SL,2024-09-13
511,crane,31.3974,-102.3501,26.87,52,0,6.93,US,2024-09-13
512,auki,-8.7676,160.7034,24.87,91,100,1.54,SB,2024-09-13
513,wyndham,37.6985,-77.6125,23.79,83,100,3.09,US,2024-09-13
514,naze,28.3667,129.4833,27.51,86,69,7.55,JP,2024-09-13
515,shenjiamen,29.9576,122.298,27.12,86,19,3.59,CN,2024-09-13
516,misratah,32.3754,15.0925,29.38,66,48,7.64,LY,2024-09-13
517,ajuchitlan,20.7167,-100.0167,19.24,76,94,0.51,MX,2024-09-13
518,faya-largeau,17.9257,19.1043,42.17,13,4,5.49,TD,2024-09-13
519,kokopo,-4.352,152.2633,24.8,87,100,1.78,PG,2024-09-13
520,mineiros,-17.5694,-52.5511,34.93,13,0,4.24,BR,2024-09-13
521,pisco,-13.7,-76.2167,18.34,77,42,2.57,PE,2024-09-13
522,otuzco,-7.9,-78.5833,18.05,34,0,2.0,PE,2024-09-13
523,rawson,-43.3002,-65.1023,13.16,33,0,10.29,AR,2024-09-13
524,hasaki,35.7333,140.8333,27.27,86,10,7.96,JP,2024-09-13
525,cofradia,15.4,-88.15,30.49,77,100,0.53,HN,2024-09-13
526,trapani,37.8333,12.6667,24.05,57,20,10.8,IT,2024-09-13
527,urengoy,65.9667,78.3667,13.14,86,97,5.28,RU,2024-09-13
528,kayenta,36.7278,-110.2546,19.75,32,0,2.41,US,2024-09-13
529,novyye burasy,52.1324,46.0714,20.3,33,8,4.29,RU,2024-09-13
530,ketchikan,55.3422,-131.6461,12.1,96,100,1.74,US,2024-09-13
531,nalut,30.3333,10.85,36.56,21,57,5.89,LY,2024-09-13
532,mentor-on-the-lake,41.705,-81.3604,24.36,65,0,3.09,US,2024-09-13
533,formby,53.5536,-3.0682,15.16,60,20,3.6,GB,2024-09-13
534,praia,14.9215,-23.5087,30.3,54,20,7.72,CV,2024-09-13
535,fengxiang,47.5833,130.8333,9.32,50,100,2.46,CN,2024-09-13
536,san matias,-16.3667,-58.4,40.39,15,4,4.32,BO,2024-09-13
537,sotouboua,8.5667,0.9833,24.23,91,100,3.26,TG,2024-09-13
538,kulhudhuffushi,6.6221,73.07,27.99,79,99,4.67,MV,2024-09-13
539,zarzis,33.504,11.1122,28.59,63,100,6.74,TN,2024-09-13
540,kenai,60.5544,-151.2583,9.05,100,100,2.06,US,2024-09-13
541,aroma,15.8167,36.1333,38.13,30,83,2.39,SD,2024-09-13
542,vila velha,-20.3297,-40.2925,28.3,62,40,5.66,BR,2024-09-13
543,dawson creek,55.7666,-120.2362,7.8,76,0,1.03,CA,2024-09-13
544,burang,30.25,81.1667,4.29,93,96,2.82,CN,2024-09-13
545,saint-philippe,-21.3585,55.7679,20.5,75,100,5.49,RE,2024-09-13
546,sabzevar,36.2126,57.6819,31.6,19,40,8.23,IR,2024-09-13
547,basudebpur,21.1353,86.7386,26.63,90,100,4.82,IN,2024-09-13
548,kalol,22.6,73.45,26.55,74,82,2.3,IN,2024-09-13
549,pacifica,37.6138,-122.4869,15.33,90,8,1.34,US,2024-09-13
550,port-vila,-17.7338,168.3219,23.18,90,52,3.31,VU,2024-09-13
551,colonia,50.9333,6.95,17.19,80,100,5.01,DE,2024-09-13
552,jaisinghnagar,23.7,81.3833,24.11,94,93,3.47,IN,2024-09-13
553,san luis de la loma,17.2706,-100.8939,28.65,77,94,0.76,MX,2024-09-13
554,ormara,25.2088,64.6357,26.73,87,0,8.37,PK,2024-09-13
